instance_id,mechanism_class,conflict,recoverable,habitat_cell
n2_s002_d1,MNAR_self,0,1,0
n2_s002_d1,MNAR_self,0,0,0
n2_s000_d0,MCAR,0,1,0
n2_s000_d0,MCAR,0,1,0
n2_s000_d1,MCAR,0,1,0
n2_s000_d1,MCAR,0,1,0
n2_s002_d0,MNAR_self,0,1,0
n2_s002_d0,MNAR_self,0,0,0
n2_s001_d1,MNAR_other,1,1,1
n2_s001_d1,MNAR_other,1,1,1
n2_s001_d0,MNAR_other,1,1,1
n2_s001_d0,MNAR_other,1,1,1
n2_s004_d1,MNAR_self,0,0,0
n2_s004_d1,MNAR_self,0,1,0
n2_s003_d0,MNAR_self,1,1,1
n2_s003_d0,MNAR_self,1,0,0
n2_s004_d0,MNAR_self,0,0,0
n2_s004_d0,MNAR_self,0,1,0
n2_s003_d1,MNAR_self,1,1,1
n2_s003_d1,MNAR_self,1,0,0
n2_s006_d0,MNAR_self,0,0,0
n2_s006_d0,MNAR_self,0,0,0
n2_s006_d1,MNAR_self,0,0,0
n2_s006_d1,MNAR_self,0,0,0
n2_s008_d1,MNAR_other,1,1,1
n2_s008_d1,MNAR_other,1,1,1
n2_s008_d0,MNAR_other,1,1,1
n2_s008_d0,MNAR_other,1,1,1
n2_s005_d1,MNAR_self,1,1,1
n2_s009_d0,MNAR_other,1,1,1
n2_s009_d0,MNAR_other,1,1,1
n2_s009_d1,MNAR_other,1,1,1
n2_s009_d1,MNAR_other,1,1,1
n2_s007_d0,MNAR_self,1,0,0
n2_s007_d1,MNAR_self,1,0,0
n2_s011_d0,MNAR_self,1,1,1
n2_s011_d1,MNAR_self,1,1,1
n2_s010_d1,MNAR_self,1,1,1
n2_s005_d0,MNAR_self,1,1,1
n2_s010_d0,MNAR_self,1,1,1
n2_s012_d0,MNAR_self,1,0,0
n2_s012_d0,MNAR_self,1,1,1
n2_s012_d1,MNAR_self,1,0,0
n2_s012_d1,MNAR_self,1,1,1
n2_s015_d0,MNAR_self,1,0,0
n2_s015_d0,MNAR_self,1,0,0
n2_s015_d1,MNAR_self,1,0,0
n2_s015_d1,MNAR_self,1,0,0
n2_s014_d0,MNAR_self,1,0,0
n2_s016_d0,MCAR,0,1,0
n2_s016_d0,MCAR,0,1,0
n2_s016_d1,MCAR,0,1,0
n2_s016_d1,MCAR,0,1,0
n2_s014_d1,MNAR_self,1,0,0
n2_s013_d1,MNAR_self,1,1,1
n2_s017_d0,MNAR_other,1,1,1
n2_s013_d0,MNAR_self,1,1,1
n2_s019_d0,MNAR_self,1,1,1
n2_s019_d0,MNAR_self,1,0,0
n2_s017_d1,MNAR_other,1,1,1
n2_s019_d1,MNAR_self,1,1,1
n2_s019_d1,MNAR_self,1,0,0
n2_s018_d0,MNAR_self,1,1,1
n2_s018_d1,MNAR_self,1,1,1
n2_s020_d0,MNAR_self,1,1,1
n2_s020_d1,MNAR_self,1,1,1
n2_s023_d1,MNAR_self,1,0,0
n2_s023_d0,MNAR_self,1,0,0
n2_s024_d0,MNAR_other,1,1,1
n2_s024_d1,MNAR_other,1,1,1
n2_s028_d0,MNAR_self,1,0,0
n2_s028_d0,MNAR_self,1,1,1
n2_s028_d1,MNAR_self,1,0,0
n2_s028_d1,MNAR_self,1,1,1
n2_s027_d0,MNAR_self,1,0,0
n2_s027_d1,MNAR_self,1,0,0
n2_s030_d1,MNAR_self,1,0,0
n2_s029_d0,MNAR_self,1,0,0
n2_s030_d0,MNAR_self,1,0,0
n2_s029_d1,MNAR_self,1,0,0
n2_s031_d0,MNAR_self,1,0,0
n2_s031_d0,MNAR_self,1,0,0
n2_s031_d1,MNAR_self,1,0,0
n2_s031_d1,MNAR_self,1,0,0
n3_s00004_d0,MNAR_self,0,1,0
n3_s00004_d0,MNAR_self,0,1,0
n3_s00005_d0,MNAR_self,1,1,1
n3_s00005_d0,MNAR_self,1,1,1
n3_s00006_d0,MNAR_self,1,1,1
n3_s00006_d0,MNAR_self,1,1,1
n3_s00014_d0,MNAR_self,1,1,1
n3_s00014_d0,MNAR_self,1,1,1
n3_s00007_d0,MNAR_self,1,1,1
n3_s00007_d0,MNAR_self,1,1,1
n3_s00002_d0,MNAR_other,1,1,1
n3_s00002_d0,MNAR_other,1,1,1
n3_s00003_d0,MNAR_other,1,1,1
n3_s00003_d0,MNAR_other,1,1,1
n3_s00009_d0,MNAR_other,1,1,1
n3_s00009_d0,MNAR_other,1,1,1
n3_s00038_d0,MNAR_self,1,1,1
n3_s00038_d0,MNAR_self,1,1,1
n3_s00030_d0,MNAR_self,1,1,1
n3_s00043_d0,MNAR_other,1,1,1
n3_s00043_d0,MNAR_other,1,1,1
n3_s00031_d0,MNAR_self,1,1,1
n3_s00058_d0,MNAR_self,1,1,1
n3_s00044_d0,MNAR_self,1,1,1
n3_s00044_d0,MNAR_self,1,1,1
n3_s00024_d0,MNAR_self,1,1,1
n3_s00024_d0,MNAR_self,1,0,0
n3_s00017_d0,MNAR_self,1,1,1
n3_s00017_d0,MNAR_self,1,0,0
n3_s00025_d0,MNAR_self,1,1,1
n3_s00025_d0,MNAR_self,1,0,0
n3_s00018_d0,MNAR_self,1,1,1
n3_s00069_d0,MNAR_self,1,1,1
n3_s00019_d0,MNAR_self,1,1,1
n3_s00070_d0,MNAR_self,1,0,0
n3_s00070_d0,MNAR_self,1,1,1
n3_s00067_d0,MNAR_self,1,1,1
n3_s00080_d0,MNAR_self,0,0,0
n3_s00080_d0,MNAR_self,0,0,0
n3_s00077_d0,MNAR_self,1,1,1
n3_s00071_d0,MNAR_self,1,1,1
n3_s00086_d0,MNAR_self,1,0,0
n3_s00072_d0,MNAR_self,1,1,1
n3_s00097_d0,MNAR_self,1,1,1
n3_s00093_d0,MNAR_self,1,0,0
n3_s00098_d0,MNAR_self,1,0,0
n3_s00098_d0,MNAR_self,1,1,1
n3_s00102_d0,MNAR_self,1,0,0
n3_s00102_d0,MNAR_self,1,1,1
n3_s00114_d0,MNAR_self,1,0,0
n3_s00121_d0,MNAR_self,1,0,0
n3_s00109_d0,MNAR_self,1,1,1
n3_s00117_d0,MNAR_self,1,0,0
n3_s00132_d0,MNAR_self,1,1,1
n3_s00132_d0,MNAR_self,1,1,1
n3_s00131_d0,MNAR_other,1,1,1
n3_s00131_d0,MNAR_other,1,1,1
n3_s00136_d0,MNAR_other,1,1,1
n3_s00136_d0,MNAR_other,1,1,1
n3_s00140_d0,MNAR_self,1,1,1
n3_s00140_d0,MNAR_self,1,1,1
n3_s00137_d0,MNAR_other,1,1,1
n3_s00137_d0,MNAR_other,1,1,1
n3_s00141_d0,MNAR_self,1,1,1
n3_s00141_d0,MNAR_self,1,1,1
n3_s00138_d0,MNAR_other,1,1,1
n3_s00138_d0,MNAR_other,1,1,1
n3_s00142_d0,MNAR_self,1,1,1
n3_s00142_d0,MNAR_self,1,1,1
n3_s00146_d0,MNAR_self,1,1,1
n3_s00150_d0,MNAR_self,1,1,1
n3_s00151_d0,MNAR_self,1,1,1
n3_s00160_d0,MNAR_other,1,1,1
n3_s00160_d0,MNAR_other,1,1,1
n3_s00144_d0,MNAR_self,1,1,1
n3_s00172_d0,MNAR_self,1,1,1
n3_s00172_d0,MNAR_self,1,1,1
n3_s00157_d0,MNAR_self,1,1,1
n3_s00173_d0,MNAR_self,1,1,1
n3_s00173_d0,MNAR_self,1,1,1
n3_s00176_d0,MNAR_self,1,1,1
n3_s00185_d0,MNAR_self,1,1,1
n3_s00188_d0,MNAR_self,1,1,1
n3_s00181_d0,MNAR_self,1,1,1
n3_s00193_d0,MNAR_self,1,1,1
n3_s00195_d0,MNAR_self,1,1,1
n3_s00197_d0,MNAR_self,1,1,1
n3_s00203_d0,MNAR_self,1,1,1
n3_s00216_d0,MNAR_self,1,0,0
n3_s00216_d0,MNAR_self,1,0,0
n3_s00191_d0,MNAR_self,1,1,1
n3_s00220_d0,MNAR_self,1,0,0
n3_s00220_d0,MNAR_self,1,0,0
n3_s00228_d0,MNAR_self,1,0,0
n3_s00228_d0,MNAR_self,1,1,1
n3_s00232_d0,MNAR_self,1,1,1
n3_s00233_d0,MNAR_self,1,1,1
n3_s00234_d0,MNAR_self,1,1,1
n3_s00256_d0,MNAR_other,1,1,1
n3_s00256_d0,MNAR_other,1,1,1
n3_s00257_d0,MNAR_other,1,1,1
n3_s00257_d0,MNAR_other,1,1,1
n3_s00258_d0,MNAR_other,1,1,1
n3_s00258_d0,MNAR_other,1,1,1
n3_s00264_d0,MNAR_other,1,1,1
n3_s00264_d0,MNAR_other,1,1,1
n3_s00272_d0,MNAR_self,1,1,1
n3_s00272_d0,MNAR_self,1,0,0
n3_s00266_d0,MNAR_other,1,1,1
n3_s00266_d0,MNAR_other,1,1,1
n3_s00265_d0,MNAR_other,1,1,1
n3_s00265_d0,MNAR_other,1,1,1
n3_s00280_d0,MNAR_self,1,1,1
n3_s00280_d0,MNAR_self,1,0,0
n3_s00274_d0,MNAR_self,1,1,1
n3_s00278_d0,MNAR_self,1,1,1
n3_s00284_d0,MNAR_self,1,1,1
n3_s00284_d0,MNAR_self,1,0,0
n3_s00285_d0,MNAR_self,1,1,1
n3_s00285_d0,MNAR_self,1,0,0
n3_s00288_d0,MNAR_other,1,1,1
n3_s00288_d0,MNAR_other,1,1,1
n3_s00291_d0,MNAR_other,1,1,1
n3_s00291_d0,MNAR_other,1,1,1
n3_s00282_d0,MNAR_self,1,1,1
n3_s00286_d0,MNAR_self,1,1,1
n3_s00299_d0,MNAR_other,1,1,1
n3_s00299_d0,MNAR_other,1,1,1
n3_s00292_d0,MNAR_self,1,1,1
n3_s00292_d0,MNAR_self,1,1,1
n3_s00294_d0,MNAR_self,1,1,1
n3_s00294_d0,MNAR_self,1,1,1
n3_s00304_d0,MNAR_self,1,1,1
n3_s00304_d0,MNAR_self,1,0,0
n3_s00300_d0,MNAR_self,1,1,1
n3_s00300_d0,MNAR_self,1,1,1
n3_s00301_d0,MNAR_self,1,1,1
n3_s00301_d0,MNAR_self,1,1,1
n3_s00312_d0,MNAR_self,1,1,1
n3_s00312_d0,MNAR_self,1,0,0
n3_s00326_d0,MNAR_self,1,0,0
n3_s00326_d0,MNAR_self,1,1,1
n3_s00328_d0,MNAR_self,1,1,1
n3_s00311_d0,MNAR_self,1,1,1
n3_s00329_d0,MNAR_self,1,1,1
n3_s00319_d0,MNAR_self,1,1,1
n3_s00330_d0,MNAR_self,1,1,1
n3_s00335_d0,MNAR_self,1,1,1
n3_s00342_d0,MNAR_self,1,0,0
n3_s00333_d0,MNAR_self,1,1,1
n3_s00344_d0,MNAR_self,1,0,0
n3_s00374_d0,MNAR_self,1,0,0
n3_s00400_d0,MNAR_self,1,1,1
n3_s00414_d0,MNAR_self,1,1,1
n3_s00453_d0,MNAR_self,1,1,1
n3_s00528_d0,MNAR_self,0,1,0
n3_s00528_d0,MNAR_self,0,0,0
n3_s00548_d0,MNAR_self,1,1,1
n3_s00548_d0,MNAR_self,1,1,1
n3_s00576_d0,MNAR_self,1,1,1
n3_s00589_d0,MNAR_self,1,1,1
n3_s00609_d0,MNAR_self,1,1,1
n3_s00629_d0,MNAR_self,1,0,0
n3_s00649_d0,MNAR_other,1,1,1
n3_s00649_d0,MNAR_other,1,1,1
n3_s00665_d0,MNAR_self,1,1,1
n3_s00678_d0,MNAR_self,1,1,1
n3_s00678_d0,MNAR_self,1,1,1
n3_s00688_d0,MNAR_self,1,1,1
n3_s00713_d0,MNAR_self,1,1,1
n3_s00785_d0,MNAR_self,1,0,0
n3_s00815_d0,MNAR_self,1,1,1
n3_s00838_d0,MNAR_self,1,0,0
n3_s00838_d0,MNAR_self,1,1,1
n3_s00889_d0,MNAR_self,1,0,0
n3_s00906_d0,MNAR_other,1,1,1
n3_s00963_d0,MNAR_self,1,1,1
n3_s01002_d0,MNAR_self,1,1,1
n3_s01040_d0,MNAR_self,1,1,1
n3_s01074_d0,MNAR_self,1,1,1
n3_s01097_d0,MNAR_self,1,1,1
n3_s01144_d0,MNAR_self,1,0,0
n3_s01159_d0,MNAR_self,1,1,1
n3_s01159_d0,MNAR_self,1,1,1
n3_s01183_d0,MNAR_self,1,1,1
n3_s01210_d0,MNAR_self,1,1,1
n3_s01232_d0,MNAR_self,1,0,0
n3_s01291_d0,MNAR_other,1,1,1
n3_s01291_d0,MNAR_other,1,1,1
n3_s01320_d0,MNAR_other,1,1,1
n3_s01354_d0,MNAR_self,1,1,1
n3_s01416_d0,MNAR_other,1,1,1
n3_s01416_d0,MNAR_other,1,1,1
n3_s01438_d0,MNAR_self,1,1,1
n3_s01455_d0,MNAR_self,1,1,1
n3_s01476_d0,MNAR_self,1,0,0
n3_s01476_d0,MNAR_self,1,1,1
n3_s01536_d0,MCAR,0,1,0
n3_s01536_d0,MCAR,0,1,0
n3_s01563_d0,MNAR_self,1,1,1
n3_s01579_d0,MNAR_other,1,1,1
n3_s01604_d0,MNAR_self,1,1,1
n3_s01669_d0,MNAR_self,1,1,1
n3_s01669_d0,MNAR_self,1,1,1
n3_s01689_d0,MNAR_self,1,1,1
n3_s01728_d0,MNAR_self,1,1,1
n3_s01857_d0,MNAR_self,1,1,1
n3_s01916_d0,MNAR_self,1,0,0
n3_s01990_d0,MNAR_self,1,0,0
n3_s01990_d0,MNAR_self,1,1,1
n3_s02050_d0,MNAR_other,1,1,1
n3_s02050_d0,MNAR_other,1,1,1
n3_s02075_d0,MNAR_self,1,1,1
n3_s02096_d0,MNAR_self,1,1,1
n3_s02118_d0,MNAR_self,1,1,1
n3_s02151_d0,MNAR_self,1,1,1
n3_s02177_d0,MNAR_other,1,1,1
n3_s02215_d0,MNAR_self,1,1,1
n3_s02292_d0,MNAR_self,1,0,0
n3_s02310_d0,MNAR_self,1,1,1
n3_s02310_d0,MNAR_self,1,1,1
n3_s02339_d0,MNAR_other,1,1,1
n3_s02339_d0,MNAR_other,1,1,1
n3_s02369_d0,MNAR_self,1,1,1
n3_s02529_d0,MNAR_self,1,1,1
n3_s02550_d0,MNAR_self,1,0,0
n3_s02573_d0,MNAR_self,1,1,1
n3_s02588_d0,MNAR_self,1,1,1
n3_s02588_d0,MNAR_self,1,0,0
n3_s02616_d0,MNAR_self,1,1,1
n3_s02616_d0,MNAR_self,1,0,0
n3_s02755_d0,MNAR_self,1,1,1
n3_s02884_d0,MNAR_self,1,1,1
n3_s03010_d0,MNAR_self,1,0,0
n3_s03010_d0,MNAR_self,1,1,1
n3_s03062_d0,MNAR_self,1,0,0
n3_s03088_d0,MNAR_self,1,1,1
n3_s03109_d0,MNAR_self,1,1,1
n3_s03143_d0,MNAR_self,1,1,1
n3_s03199_d0,MNAR_self,1,0,0
n3_s03265_d0,MNAR_self,1,1,1
n3_s03397_d0,MNAR_self,1,1,1
n3_s03572_d0,MNAR_self,1,0,0
n3_s03597_d0,MNAR_self,1,1,1
n3_s03630_d0,MNAR_self,1,1,1
n3_s03649_d0,MNAR_self,1,1,1
n3_s03768_d0,MNAR_self,1,0,0
n3_s03901_d0,MNAR_self,1,0,0
n3_s03971_d0,MNAR_other,1,1,1
n3_s04028_d0,MNAR_self,1,0,0
n3_s04080_d0,MNAR_self,1,0,0
named_mediated_mnar_d1,MNAR_self,1,0,0
named_self_censor_v1_d0,MNAR_self,0,0,0
named_self_censor_v1_d0,MNAR_self,0,1,0
n4_r0012_d0,MNAR_self,1,1,1
n4_r0012_d0,MNAR_self,1,1,1
n4_r0020_d0,MNAR_self,1,1,1
n4_r0084_d0,MNAR_other,1,1,1
n4_r0100_d0,MNAR_other,1,1,1
n4_r0100_d0,MNAR_other,1,1,1
n4_r0108_d0,MNAR_self,1,1,1
n4_r0132_d0,MNAR_self,1,0,0
n4_r0148_d0,MNAR_self,1,1,1
n4_r0172_d0,MNAR_self,1,0,0
n4_r0188_d0,MNAR_self,1,1,1
n3_s00401_d0,MNAR_self,1,1,1
n3_s00418_d0,MNAR_other,1,1,1
n3_s00418_d0,MNAR_other,1,1,1
n3_s00454_d0,MNAR_self,1,0,0
n3_s00454_d0,MNAR_self,1,1,1
n3_s00500_d0,MNAR_self,1,0,0
n3_s00529_d0,MNAR_self,1,1,1
n3_s00529_d0,MNAR_self,1,0,0
n3_s00549_d0,MNAR_self,1,1,1
n3_s00549_d0,MNAR_self,1,1,1
n3_s00577_d0,MNAR_self,1,1,1
n3_s00591_d0,MNAR_self,1,1,1
n3_s00611_d0,MNAR_self,1,1,1
n3_s00651_d0,MNAR_other,1,1,1
n3_s00651_d0,MNAR_other,1,1,1
n3_s00666_d0,MNAR_self,1,1,1
n3_s00679_d0,MNAR_self,1,1,1
n3_s00679_d0,MNAR_self,1,1,1
n3_s00692_d0,MNAR_self,1,1,1
n3_s00714_d0,MNAR_self,1,1,1
n3_s00843_d0,MNAR_self,1,1,1
n3_s00867_d0,MNAR_self,1,1,1
n3_s00908_d0,MNAR_self,1,1,1
n3_s00964_d0,MNAR_self,1,0,0
n3_s00964_d0,MNAR_self,1,1,1
n3_s01003_d0,MNAR_self,1,1,1
n3_s01044_d0,MNAR_self,1,1,1
n3_s01075_d0,MNAR_self,1,1,1
n3_s01099_d0,MNAR_self,1,1,1
n3_s01165_d0,MNAR_self,1,1,1
n3_s01165_d0,MNAR_self,1,1,1
n3_s01193_d0,MNAR_other,1,1,1
n3_s01212_d0,MNAR_self,1,1,1
n3_s01294_d0,MNAR_self,1,1,1
n3_s01294_d0,MNAR_self,1,1,1
n3_s01326_d0,MNAR_self,1,1,1
n3_s01357_d0,MNAR_self,1,1,1
n3_s01398_d0,MNAR_self,1,0,0
n3_s01417_d0,MNAR_other,1,1,1
n3_s01417_d0,MNAR_other,1,1,1
n3_s01439_d0,MNAR_self,1,1,1
n3_s01458_d0,MNAR_self,1,1,1
n3_s01479_d0,MNAR_self,1,0,0
n3_s01479_d0,MNAR_self,1,1,1
n3_s01537_d0,MNAR_other,1,1,1
n3_s01537_d0,MNAR_other,1,1,1
n3_s01568_d0,MNAR_other,1,1,1
n3_s01581_d0,MNAR_self,1,1,1
n3_s01607_d0,MNAR_self,1,1,1
n3_s01670_d0,MNAR_self,1,1,1
n3_s01670_d0,MNAR_self,1,1,1
n3_s01696_d0,MNAR_other,1,1,1
n3_s01729_d0,MNAR_self,1,1,1
n3_s01858_d0,MNAR_self,1,1,1
n3_s01920_d0,MNAR_other,1,1,1
n3_s01994_d0,MNAR_self,1,1,1
n3_s02020_d0,MNAR_self,1,0,0
n3_s02051_d0,MNAR_other,1,1,1
n3_s02051_d0,MNAR_other,1,1,1
n3_s02078_d0,MNAR_self,1,1,1
n3_s02100_d0,MNAR_self,1,1,1
n3_s02178_d0,MNAR_other,1,1,1
n3_s02311_d0,MNAR_self,1,1,1
n3_s02311_d0,MNAR_self,1,1,1
n3_s02343_d0,MNAR_self,1,1,1
n3_s02343_d0,MNAR_self,1,1,1
n3_s02374_d0,MNAR_self,1,1,1
n3_s02393_d0,MNAR_self,1,0,0
n3_s02514_d0,MNAR_self,1,0,0
n3_s02531_d0,MNAR_self,1,1,1
n3_s02576_d0,MNAR_self,1,1,1
n3_s02589_d0,MNAR_self,1,1,1
n3_s02589_d0,MNAR_self,1,0,0
n3_s02620_d0,MNAR_self,1,1,1
n3_s02620_d0,MNAR_self,1,0,0
n3_s02756_d0,MNAR_self,1,1,1
n3_s02815_d0,MNAR_self,1,0,0
n3_s02815_d0,MNAR_self,1,0,0
n3_s02886_d0,MNAR_self,1,1,1
n3_s03012_d0,MNAR_self,1,0,0
n3_s03012_d0,MNAR_self,1,1,1
n3_s03031_d0,MNAR_self,1,0,0
n3_s03091_d0,MNAR_self,1,1,1
n3_s03115_d0,MNAR_other,1,1,1
n3_s03205_d0,MNAR_self,1,1,1
n3_s03270_d0,MNAR_self,1,0,0
n3_s03270_d0,MNAR_self,1,1,1
n3_s03398_d0,MNAR_self,1,1,1
n3_s03452_d0,MNAR_self,1,0,0
n3_s03552_d0,MNAR_self,1,0,0
n3_s03600_d0,MNAR_self,1,1,1
n3_s03631_d0,MNAR_self,1,1,1
n3_s03631_d0,MNAR_self,1,0,0
n3_s03902_d0,MNAR_self,1,0,0
n3_s03991_d0,MNAR_self,1,0,0
n3_s04029_d0,MNAR_self,1,0,0
n3_s04029_d0,MNAR_self,1,0,0
n3_s04044_d0,MNAR_self,1,0,0
n3_s04062_d0,MNAR_self,1,0,0
n3_s04062_d0,MNAR_self,1,0,0
n3_s04084_d0,MNAR_self,1,0,0
named_mar_textbook_d0,MNAR_other,1,1,1
named_mediated_mnar_d2,MNAR_self,1,0,0
named_self_censor_v1_d1,MNAR_self,0,0,0
named_self_censor_v1_d1,MNAR_self,0,1,0
named_three_var_mixed_d0,MNAR_self,1,1,1
n4_r0005_d0,MNAR_self,1,1,1
n4_r0013_d0,MNAR_self,1,1,1
n4_r0069_d0,MNAR_self,1,1,1
n4_r0077_d0,MNAR_self,1,1,1
n4_r0101_d0,MNAR_self,1,0,0
n4_r0117_d0,MNAR_self,1,1,1
n4_r0133_d0,MNAR_self,1,1,1
n4_r0149_d0,MNAR_self,1,1,1
n4_r0157_d0,MNAR_self,1,0,0
n4_r0197_d0,MNAR_self,1,1,1
n3_s00376_d0,MNAR_self,1,0,0
n3_s00404_d0,MNAR_self,1,1,1
n3_s00421_d0,MNAR_self,1,1,1
n3_s00421_d0,MNAR_self,1,1,1
n3_s00455_d0,MNAR_self,1,0,0
n3_s00455_d0,MNAR_self,1,1,1
n3_s00487_d0,MNAR_self,1,1,1
n3_s00502_d0,MNAR_self,1,0,0
n3_s00533_d0,MNAR_self,1,1,1
n3_s00533_d0,MNAR_self,1,0,0
n3_s00552_d0,MNAR_other,1,1,1
n3_s00552_d0,MNAR_other,1,1,1
n3_s00581_d0,MNAR_self,1,1,1
n3_s00592_d0,MNAR_self,1,0,0
n3_s00612_d0,MNAR_self,1,1,1
n3_s00653_d0,MNAR_self,1,1,1
n3_s00653_d0,MNAR_self,1,1,1
n3_s00667_d0,MNAR_self,1,1,1
n3_s00680_d0,MNAR_other,1,1,1
n3_s00680_d0,MNAR_other,1,1,1
n3_s00694_d0,MNAR_self,1,1,1
n3_s00716_d0,MNAR_self,1,1,1
n3_s00739_d0,MNAR_self,1,1,1
n3_s00791_d0,MNAR_self,1,0,0
n3_s00848_d0,MNAR_self,1,0,0
n3_s00848_d0,MNAR_self,1,0,0
n3_s00871_d0,MNAR_self,1,1,1
n3_s00892_d0,MNAR_self,1,0,0
n3_s00969_d0,MNAR_self,1,1,1
n3_s01007_d0,MNAR_self,1,1,1
n3_s01024_d0,MCAR,0,1,0
n3_s01024_d0,MCAR,0,1,0
n3_s01048_d0,MNAR_self,1,1,1
n3_s01076_d0,MNAR_self,1,1,1
n3_s01076_d0,MNAR_self,1,0,0
n3_s01102_d0,MNAR_self,1,1,1
n3_s01148_d0,MNAR_self,1,0,0
n3_s01166_d0,MNAR_self,1,1,1
n3_s01166_d0,MNAR_self,1,1,1
n3_s01199_d0,MNAR_self,1,1,1
n3_s01215_d0,MNAR_self,1,1,1
n3_s01234_d0,MNAR_self,1,0,0
n3_s01295_d0,MNAR_self,1,1,1
n3_s01295_d0,MNAR_self,1,1,1
n3_s01330_d0,MNAR_self,1,1,1
n3_s01358_d0,MNAR_self,1,1,1
n3_s01376_d0,MNAR_self,1,0,0
n3_s01420_d0,MNAR_self,1,1,1
n3_s01420_d0,MNAR_self,1,1,1
n3_s01441_d0,MNAR_other,1,1,1
n3_s01459_d0,MNAR_self,1,1,1
n3_s01480_d0,MNAR_self,1,1,1
n3_s01520_d0,MNAR_self,1,0,0
n3_s01541_d0,MNAR_self,1,1,1
n3_s01541_d0,MNAR_self,1,1,1
n3_s01569_d0,MNAR_other,1,1,1
n3_s01583_d0,MNAR_self,1,1,1
n3_s01583_d0,MNAR_self,1,0,0
n3_s01615_d0,MNAR_self,1,1,1
n3_s01673_d0,MNAR_other,1,1,1
n3_s01673_d0,MNAR_other,1,1,1
n3_s01705_d0,MNAR_other,1,1,1
n3_s01730_d0,MNAR_self,1,1,1
n3_s01865_d0,MNAR_self,1,1,1
n3_s01879_d0,MNAR_self,1,0,0
n3_s01922_d0,MNAR_other,1,1,1
n3_s01996_d0,MNAR_self,1,1,1
n3_s02057_d0,MNAR_other,1,1,1
n3_s02079_d0,MNAR_self,1,1,1
n3_s02101_d0,MNAR_self,1,1,1
n3_s02181_d0,MNAR_self,1,1,1
n3_s02243_d0,MNAR_self,1,1,1
n3_s02294_d0,MNAR_self,1,0,0
n3_s02317_d0,MNAR_self,1,1,1
n3_s02347_d0,MNAR_other,1,1,1
n3_s02397_d0,MNAR_self,1,0,0
n3_s02519_d0,MNAR_self,1,0,0
n3_s02533_d0,MNAR_self,1,1,1
n3_s02553_d0,MNAR_self,1,0,0
n3_s02577_d0,MNAR_self,1,1,1
n3_s02590_d0,MNAR_self,1,1,1
n3_s02623_d0,MNAR_self,1,1,1
n3_s02623_d0,MNAR_self,1,0,0
n3_s02648_d0,MNAR_self,1,0,0
n3_s02817_d0,MNAR_other,1,1,1
n3_s02872_d0,MNAR_self,1,0,0
n3_s03013_d0,MNAR_self,1,1,1
n3_s03069_d0,MNAR_self,1,0,0
n3_s03069_d0,MNAR_self,1,0,0
n3_s03098_d0,MNAR_self,1,1,1
n3_s03126_d0,MNAR_self,1,1,1
n3_s03206_d0,MNAR_self,1,1,1
n3_s03271_d0,MNAR_self,1,1,1
n3_s03314_d0,MNAR_self,1,0,0
n3_s03453_d0,MNAR_self,1,0,0
n3_s03520_d0,MNAR_self,1,0,0
n3_s03520_d0,MNAR_self,1,1,1
n3_s03536_d0,MNAR_self,1,0,0
n3_s03603_d0,MNAR_self,1,1,1
n3_s03634_d0,MNAR_self,1,1,1
n3_s03710_d0,MNAR_self,1,0,0
n3_s03838_d0,MNAR_self,1,0,0
n3_s03838_d0,MNAR_self,1,0,0
n3_s03855_d0,MNAR_self,1,0,0
n3_s03903_d0,MNAR_self,1,0,0
n3_s03903_d0,MNAR_self,1,0,0
n3_s03935_d0,MNAR_self,1,0,0
n3_s03935_d0,MNAR_self,1,0,0
n3_s04031_d0,MNAR_self,1,0,0
n3_s04031_d0,MNAR_self,1,0,0
n3_s04048_d0,MNAR_self,1,0,0
n3_s04066_d0,MNAR_self,1,0,0
n3_s04095_d0,MNAR_self,1,0,0
n3_s04095_d0,MNAR_self,1,0,0
named_mar_textbook_d1,MNAR_other,1,1,1
named_mnar_on_partial_cause_d0,MNAR_other,1,1,1
named_self_censor_v1_d2,MNAR_self,0,0,0
named_self_censor_v1_d2,MNAR_self,0,1,0
named_three_var_mixed_d1,MNAR_self,1,1,1
n4_r0030_d0,MNAR_self,1,1,1
n4_r0046_d0,MNAR_self,1,1,1
n4_r0062_d0,MNAR_self,1,0,0
n4_r0070_d0,MNAR_self,1,1,1
n4_r0078_d0,MNAR_self,1,1,1
n4_r0102_d0,MNAR_self,1,1,1
n4_r0118_d0,MNAR_self,1,1,1
n4_r0126_d0,MNAR_self,1,1,1
n4_r0150_d0,MNAR_self,1,0,0
n4_r0158_d0,MNAR_self,1,1,1
n3_s00385_d0,MNAR_other,1,1,1
n3_s00385_d0,MNAR_other,1,1,1
n3_s00407_d0,MNAR_self,1,1,1
n3_s00426_d0,MNAR_other,1,1,1
n3_s00426_d0,MNAR_other,1,1,1
n3_s00458_d0,MNAR_self,1,1,1
n3_s00488_d0,MNAR_self,1,1,1
n3_s00508_d0,MNAR_self,1,0,0
n3_s00508_d0,MNAR_self,1,0,0
n3_s00534_d0,MNAR_self,1,1,1
n3_s00558_d0,MNAR_self,1,1,1
n3_s00558_d0,MNAR_self,1,1,1
n3_s00582_d0,MNAR_self,1,1,1
n3_s00596_d0,MNAR_self,1,0,0
n3_s00613_d0,MNAR_self,1,1,1
n3_s00633_d0,MNAR_self,1,0,0
n3_s00656_d0,MNAR_self,1,1,1
n3_s00669_d0,MNAR_self,1,1,1
n3_s00681_d0,MNAR_other,1,1,1
n3_s00681_d0,MNAR_other,1,1,1
n3_s00695_d0,MNAR_self,1,1,1
n3_s00718_d0,MNAR_self,1,1,1
n3_s00743_d0,MNAR_self,1,1,1
n3_s00792_d0,MNAR_self,1,0,0
n3_s00820_d0,MNAR_self,1,0,0
n3_s00853_d0,MNAR_self,1,0,0
n3_s00853_d0,MNAR_self,1,0,0
n3_s00875_d0,MNAR_self,1,1,1
n3_s00971_d0,MNAR_self,1,1,1
n3_s01008_d0,MNAR_self,1,0,0
n3_s01025_d0,MNAR_other,1,1,1
n3_s01025_d0,MNAR_other,1,1,1
n3_s01053_d0,MNAR_self,1,1,1
n3_s01078_d0,MNAR_self,1,1,1
n3_s01078_d0,MNAR_self,1,0,0
n3_s01103_d0,MNAR_self,1,1,1
n3_s01124_d0,MNAR_self,1,0,0
n3_s01149_d0,MNAR_self,1,0,0
n3_s01168_d0,MNAR_self,1,1,1
n3_s01201_d0,MNAR_self,1,1,1
n3_s01219_d0,MNAR_self,1,1,1
n3_s01266_d0,MNAR_self,1,0,0
n3_s01297_d0,MNAR_self,1,1,1
n3_s01331_d0,MNAR_self,1,1,1
n3_s01359_d0,MNAR_self,1,1,1
n3_s01405_d0,MNAR_self,1,0,0
n3_s01421_d0,MNAR_self,1,1,1
n3_s01421_d0,MNAR_self,1,1,1
n3_s01442_d0,MNAR_other,1,1,1
n3_s01460_d0,MNAR_self,1,1,1
n3_s01482_d0,MNAR_self,1,1,1
n3_s01506_d0,MNAR_self,1,0,0
n3_s01522_d0,MNAR_self,1,0,0
n3_s01543_d0,MNAR_self,1,1,1
n3_s01543_d0,MNAR_self,1,1,1
n3_s01572_d0,MNAR_self,1,1,1
n3_s01584_d0,MNAR_self,1,1,1
n3_s01675_d0,MNAR_other,1,1,1
n3_s01675_d0,MNAR_other,1,1,1
n3_s01706_d0,MNAR_other,1,1,1
n3_s01731_d0,MNAR_self,1,1,1
n3_s01802_d0,MNAR_other,1,1,1
n3_s01866_d0,MNAR_self,1,1,1
n3_s01926_d0,MNAR_self,1,1,1
n3_s01998_d0,MNAR_self,1,1,1
n3_s02059_d0,MNAR_other,1,1,1
n3_s02088_d0,MNAR_other,1,1,1
n3_s02102_d0,MNAR_self,1,1,1
n3_s02252_d0,MNAR_self,1,0,0
n3_s02322_d0,MNAR_self,1,1,1
n3_s02350_d0,MNAR_self,1,1,1
n3_s02400_d0,MNAR_self,1,1,1
n3_s02428_d0,MNAR_self,1,0,0
n3_s02520_d0,MNAR_self,1,0,0
n3_s02520_d0,MNAR_self,1,0,0
n3_s02535_d0,MNAR_self,1,1,1
n3_s02558_d0,MNAR_self,1,0,0
n3_s02578_d0,MNAR_self,1,1,1
n3_s02592_d0,MNAR_other,1,1,1
n3_s02625_d0,MNAR_self,1,1,1
n3_s02681_d0,MNAR_self,1,0,0
n3_s02818_d0,MNAR_other,1,1,1
n3_s03076_d0,MNAR_self,1,1,1
n3_s03076_d0,MNAR_self,1,1,1
n3_s03099_d0,MNAR_self,1,1,1
n3_s03128_d0,MNAR_self,1,1,1
n3_s03128_d0,MNAR_self,1,0,0
n3_s03207_d0,MNAR_self,1,1,1
n3_s03318_d0,MNAR_self,1,0,0
n3_s03388_d0,MNAR_self,1,0,0
n3_s03457_d0,MNAR_other,1,1,1
n3_s03524_d0,MNAR_self,1,0,0
n3_s03524_d0,MNAR_self,1,1,1
n3_s03556_d0,MNAR_self,1,0,0
n3_s03584_d0,MCAR,0,1,0
n3_s03584_d0,MCAR,0,1,0
n3_s03605_d0,MNAR_self,1,1,1
n3_s03636_d0,MNAR_self,1,1,1
n3_s03712_d0,MNAR_other,1,1,1
n3_s03773_d0,MNAR_self,1,0,0
n3_s03839_d0,MNAR_self,1,0,0
n3_s03839_d0,MNAR_self,1,0,0
n3_s03906_d0,MNAR_self,1,1,1
n3_s03983_d0,MNAR_self,1,0,0
n3_s04032_d0,MNAR_self,1,0,0
n3_s04032_d0,MNAR_self,1,1,1
n3_s04052_d0,MNAR_self,1,0,0
n3_s04070_d0,MNAR_self,1,0,0
named_collider_selection_d0,MNAR_self,1,1,1
named_collider_selection_d0,MNAR_self,1,0,0
named_mar_textbook_d2,MNAR_other,1,1,1
named_mnar_on_partial_cause_d1,MNAR_other,1,1,1
named_self_censor_v2_chain_d0,MNAR_self,1,1,1
named_three_var_mixed_d2,MNAR_self,1,1,1
n4_r0007_d0,MNAR_other,1,1,1
n4_r0039_d0,MNAR_self,1,0,0
n4_r0047_d0,MNAR_self,1,1,1
n4_r0063_d0,MNAR_other,1,1,1
n4_r0159_d0,MNAR_self,1,1,1
n4_r0159_d0,MNAR_self,1,1,1
n4_r0175_d0,MNAR_self,1,1,1
n4_r0191_d0,MNAR_self,1,1,1
n4_r0191_d0,MNAR_self,1,1,1
n3_s00356_d0,MNAR_self,1,0,0
n3_s00356_d0,MNAR_self,1,1,1
n3_s00388_d0,MNAR_self,1,1,1
n3_s00388_d0,MNAR_self,1,1,1
n3_s00408_d0,MNAR_self,1,1,1
n3_s00430_d0,MNAR_self,1,1,1
n3_s00430_d0,MNAR_self,1,1,1
n3_s00468_d0,MNAR_self,1,0,0
n3_s00492_d0,MNAR_self,1,1,1
n3_s00515_d0,MNAR_other,1,1,1
n3_s00515_d0,MNAR_other,1,1,1
n3_s00542_d0,MNAR_self,1,1,1
n3_s00561_d0,MNAR_self,1,1,1
n3_s00561_d0,MNAR_self,1,0,0
n3_s00583_d0,MNAR_self,1,1,1
n3_s00597_d0,MNAR_self,1,0,0
n3_s00616_d0,MNAR_self,1,1,1
n3_s00637_d0,MNAR_self,1,0,0
n3_s00658_d0,MNAR_self,1,1,1
n3_s00670_d0,MNAR_self,1,1,1
n3_s00682_d0,MNAR_other,1,1,1
n3_s00682_d0,MNAR_other,1,1,1
n3_s00696_d0,MNAR_self,1,1,1
n3_s00745_d0,MNAR_self,1,1,1
n3_s00772_d0,MNAR_self,1,1,1
n3_s00796_d0,MNAR_self,1,0,0
n3_s00855_d0,MNAR_self,1,0,0
n3_s00876_d0,MNAR_self,1,1,1
n3_s00896_d0,MNAR_other,1,1,1
n3_s00972_d0,MNAR_self,1,1,1
n3_s00994_d0,MNAR_self,1,0,0
n3_s00994_d0,MNAR_self,1,1,1
n3_s01029_d0,MNAR_self,1,1,1
n3_s01029_d0,MNAR_self,1,1,1
n3_s01056_d0,MNAR_other,1,1,1
n3_s01082_d0,MNAR_self,1,1,1
n3_s01104_d0,MNAR_self,1,0,0
n3_s01152_d0,MNAR_other,1,1,1
n3_s01152_d0,MNAR_other,1,1,1
n3_s01170_d0,MNAR_self,1,1,1
n3_s01202_d0,MNAR_self,1,1,1
n3_s01221_d0,MNAR_self,1,1,1
n3_s01299_d0,MNAR_self,1,1,1
n3_s01342_d0,MNAR_self,1,1,1
n3_s01362_d0,MNAR_self,1,0,0
n3_s01380_d0,MNAR_self,1,0,0
n3_s01407_d0,MNAR_self,1,0,0
n3_s01426_d0,MNAR_self,1,1,1
n3_s01444_d0,MNAR_self,1,1,1
n3_s01462_d0,MNAR_self,1,1,1
n3_s01488_d0,MNAR_self,1,0,0
n3_s01526_d0,MNAR_self,1,0,0
n3_s01546_d0,MNAR_other,1,1,1
n3_s01546_d0,MNAR_other,1,1,1
n3_s01574_d0,MNAR_self,1,1,1
n3_s01588_d0,MNAR_self,1,1,1
n3_s01657_d0,MNAR_self,1,0,0
n3_s01679_d0,MNAR_self,1,1,1
n3_s01679_d0,MNAR_self,1,1,1
n3_s01709_d0,MNAR_self,1,1,1
n3_s01736_d0,MNAR_self,1,1,1
n3_s01804_d0,MNAR_self,1,1,1
n3_s01867_d0,MNAR_self,1,1,1
n3_s01932_d0,MNAR_self,1,1,1
n3_s01999_d0,MNAR_self,1,1,1
n3_s02040_d0,MNAR_self,1,0,0
n3_s02040_d0,MNAR_self,1,0,0
n3_s02060_d0,MNAR_self,1,1,1
n3_s02089_d0,MNAR_other,1,1,1
n3_s02109_d0,MNAR_self,1,1,1
n3_s02109_d0,MNAR_self,1,0,0
n3_s02276_d0,MNAR_self,1,0,0
n3_s02276_d0,MNAR_self,1,1,1
n3_s02323_d0,MNAR_self,1,1,1
n3_s02351_d0,MNAR_self,1,1,1
n3_s02402_d0,MNAR_self,1,1,1
n3_s02471_d0,MNAR_self,1,1,1
n3_s02499_d0,MNAR_self,1,1,1
n3_s02559_d0,MNAR_self,1,0,0
n3_s02559_d0,MNAR_self,1,0,0
n3_s02580_d0,MNAR_self,1,1,1
n3_s02594_d0,MNAR_other,1,1,1
n3_s02626_d0,MNAR_self,1,1,1
n3_s02823_d0,MNAR_self,1,1,1
n3_s02943_d0,MNAR_self,1,0,0
n3_s02943_d0,MNAR_self,1,0,0
n3_s03078_d0,MNAR_self,1,1,1
n3_s03078_d0,MNAR_self,1,1,1
n3_s03101_d0,MNAR_self,1,1,1
n3_s03130_d0,MNAR_self,1,1,1
n3_s03389_d0,MNAR_self,1,0,0
n3_s03526_d0,MNAR_self,1,0,0
n3_s03526_d0,MNAR_self,1,1,1
n3_s03586_d0,MNAR_other,1,1,1
n3_s03586_d0,MNAR_other,1,1,1
n3_s03608_d0,MNAR_self,1,1,1
n3_s03639_d0,MNAR_self,1,1,1
n3_s03639_d0,MNAR_self,1,0,0
n3_s03718_d0,MNAR_self,1,1,1
n3_s03775_d0,MNAR_self,1,0,0
n3_s03823_d0,MNAR_self,1,0,0
n3_s03823_d0,MNAR_self,1,0,0
n3_s03840_d0,MNAR_other,1,1,1
n3_s03909_d0,MNAR_self,1,1,1
n3_s03960_d0,MNAR_self,1,0,0
n3_s04033_d0,MNAR_self,1,1,1
n3_s04053_d0,MNAR_self,1,0,0
named_collider_selection_d1,MNAR_self,1,1,1
named_collider_selection_d1,MNAR_self,1,0,0
named_mcar_reference_d0,MCAR,0,1,0
named_mcar_reference_d0,MCAR,0,1,0
named_mnar_on_partial_cause_d2,MNAR_other,1,1,1
named_self_censor_v2_chain_d1,MNAR_self,1,1,1
n4_r0008_d0,MNAR_self,1,1,1
n4_r0072_d0,MNAR_self,1,1,1
n4_r0080_d0,MNAR_self,1,1,1
n4_r0096_d0,MNAR_self,1,0,0
n4_r0128_d0,MNAR_self,1,1,1
n4_r0168_d0,MNAR_self,1,1,1
n4_r0176_d0,MNAR_self,1,1,1
n4_r0176_d0,MNAR_self,1,1,1
n3_s00358_d0,MNAR_self,1,0,0
n3_s00358_d0,MNAR_self,1,1,1
n3_s00391_d0,MNAR_self,1,1,1
n3_s00391_d0,MNAR_self,1,1,1
n3_s00409_d0,MNAR_self,1,1,1
n3_s00438_d0,MNAR_self,1,1,1
n3_s00496_d0,MNAR_self,1,0,0
n3_s00517_d0,MNAR_self,1,1,1
n3_s00517_d0,MNAR_self,1,1,1
n3_s00543_d0,MNAR_self,1,1,1
n3_s00566_d0,MNAR_self,1,1,1
n3_s00584_d0,MNAR_self,1,1,1
n3_s00617_d0,MNAR_self,1,1,1
n3_s00660_d0,MNAR_self,1,1,1
n3_s00671_d0,MNAR_self,1,1,1
n3_s00684_d0,MNAR_self,1,1,1
n3_s00684_d0,MNAR_self,1,1,1
n3_s00700_d0,MNAR_self,1,1,1
n3_s00746_d0,MNAR_self,1,1,1
n3_s00773_d0,MNAR_self,1,0,0
n3_s00773_d0,MNAR_self,1,1,1
n3_s00797_d0,MNAR_self,1,0,0
n3_s00829_d0,MNAR_self,1,0,0
n3_s00881_d0,MNAR_self,1,0,0
n3_s00901_d0,MNAR_self,1,1,1
n3_s00973_d0,MNAR_self,1,1,1
n3_s00996_d0,MNAR_self,1,0,0
n3_s00996_d0,MNAR_self,1,1,1
n3_s01012_d0,MNAR_self,1,0,0
n3_s01033_d0,MNAR_other,1,1,1
n3_s01033_d0,MNAR_other,1,1,1
n3_s01059_d0,MNAR_other,1,1,1
n3_s01088_d0,MNAR_self,0,0,0
n3_s01088_d0,MNAR_self,0,1,0
n3_s01153_d0,MNAR_other,1,1,1
n3_s01153_d0,MNAR_other,1,1,1
n3_s01172_d0,MNAR_self,1,1,1
n3_s01204_d0,MNAR_self,1,1,1
n3_s01225_d0,MNAR_self,1,1,1
n3_s01300_d0,MNAR_self,1,1,1
n3_s01344_d0,MNAR_self,1,0,0
n3_s01344_d0,MNAR_self,1,1,1
n3_s01364_d0,MNAR_self,1,0,0
n3_s01382_d0,MNAR_self,1,0,0
n3_s01408_d0,MNAR_other,1,1,1
n3_s01408_d0,MNAR_other,1,1,1
n3_s01428_d0,MNAR_self,1,1,1
n3_s01445_d0,MNAR_self,1,1,1
n3_s01463_d0,MNAR_self,1,1,1
n3_s01511_d0,MNAR_self,1,0,0
n3_s01511_d0,MNAR_self,1,0,0
n3_s01548_d0,MNAR_self,1,1,1
n3_s01548_d0,MNAR_self,1,1,1
n3_s01575_d0,MNAR_self,1,1,1
n3_s01575_d0,MNAR_self,1,0,0
n3_s01592_d0,MNAR_self,1,1,1
n3_s01592_d0,MNAR_self,1,0,0
n3_s01682_d0,MNAR_self,1,1,1
n3_s01714_d0,MNAR_self,1,1,1
n3_s01743_d0,MNAR_self,1,1,1
n3_s01870_d0,MNAR_self,1,1,1
n3_s02000_d0,MNAR_self,1,0,0
n3_s02041_d0,MNAR_self,1,0,0
n3_s02064_d0,MNAR_self,1,1,1
n3_s02092_d0,MNAR_self,1,1,1
n3_s02112_d0,MNAR_self,1,1,1
n3_s02137_d0,MNAR_self,1,0,0
n3_s02305_d0,MNAR_other,1,1,1
n3_s02305_d0,MNAR_other,1,1,1
n3_s02324_d0,MNAR_self,1,1,1
n3_s02354_d0,MNAR_self,1,1,1
n3_s02404_d0,MNAR_self,1,1,1
n3_s02432_d0,MNAR_other,1,1,1
n3_s02501_d0,MNAR_self,1,1,1
n3_s02562_d0,MNAR_other,1,1,1
n3_s02562_d0,MNAR_other,1,1,1
n3_s02581_d0,MNAR_self,1,1,1
n3_s02607_d0,MNAR_self,1,1,1
n3_s02628_d0,MNAR_self,1,1,1
n3_s02945_d0,MNAR_other,1,1,1
n3_s03023_d0,MNAR_self,1,0,0
n3_s03079_d0,MNAR_self,1,1,1
n3_s03079_d0,MNAR_self,1,1,1
n3_s03103_d0,MNAR_self,1,1,1
n3_s03136_d0,MNAR_self,1,1,1
n3_s03300_d0,MNAR_self,1,0,0
n3_s03393_d0,MNAR_self,1,1,1
n3_s03527_d0,MNAR_self,1,0,0
n3_s03527_d0,MNAR_self,1,1,1
n3_s03588_d0,MNAR_self,1,1,1
n3_s03588_d0,MNAR_self,1,1,1
n3_s03611_d0,MNAR_self,1,1,1
n3_s03643_d0,MNAR_self,1,1,1
n3_s03777_d0,MNAR_self,1,1,1
n3_s03846_d0,MNAR_self,1,1,1
n3_s03911_d0,MNAR_self,1,0,0
n3_s03911_d0,MNAR_self,1,1,1
n3_s03943_d0,MNAR_self,1,0,0
n3_s03962_d0,MNAR_self,1,0,0
n3_s04034_d0,MNAR_self,1,0,0
n3_s04034_d0,MNAR_self,1,1,1
n3_s04054_d0,MNAR_self,1,0,0
n3_s04077_d0,MNAR_self,1,0,0
named_collider_selection_d2,MNAR_self,1,1,1
named_collider_selection_d2,MNAR_self,1,0,0
named_mcar_reference_d1,MCAR,0,1,0
named_mcar_reference_d1,MCAR,0,1,0
named_mutual_selection_d0,MNAR_self,0,1,0
named_mutual_selection_d0,MNAR_self,0,0,0
named_self_censor_v2_chain_d2,MNAR_self,1,1,1
n4_r0001_d0,MNAR_self,1,0,0
n4_r0017_d0,MNAR_self,1,1,1
n4_r0065_d0,MNAR_self,1,1,1
n4_r0081_d0,MNAR_self,1,1,1
n4_r0089_d0,MNAR_self,1,1,1
n4_r0145_d0,MNAR_self,1,1,1
n4_r0145_d0,MNAR_self,1,1,1
n4_r0193_d0,MNAR_self,1,1,1
n3_s00366_d0,MNAR_self,1,1,1
n3_s00393_d0,MNAR_other,1,1,1
n3_s00393_d0,MNAR_other,1,1,1
n3_s00412_d0,MNAR_self,1,1,1
n3_s00442_d0,MNAR_self,1,1,1
n3_s00521_d0,MNAR_other,1,1,1
n3_s00521_d0,MNAR_other,1,1,1
n3_s00545_d0,MNAR_other,1,1,1
n3_s00545_d0,MNAR_other,1,1,1
n3_s00569_d0,MNAR_self,1,1,1
n3_s00569_d0,MNAR_self,1,0,0
n3_s00587_d0,MNAR_self,1,1,1
n3_s00618_d0,MNAR_self,1,1,1
n3_s00642_d0,MNAR_other,1,1,1
n3_s00642_d0,MNAR_other,1,1,1
n3_s00663_d0,MNAR_self,1,1,1
n3_s00672_d0,MNAR_other,1,1,1
n3_s00672_d0,MNAR_other,1,1,1
n3_s00685_d0,MNAR_self,1,1,1
n3_s00685_d0,MNAR_self,1,1,1
n3_s00704_d0,MNAR_self,1,1,1
n3_s00749_d0,MNAR_self,1,1,1
n3_s00778_d0,MNAR_other,1,1,1
n3_s00804_d0,MNAR_self,1,1,1
n3_s00860_d0,MNAR_self,1,0,0
n3_s00902_d0,MNAR_self,1,1,1
n3_s00934_d0,MNAR_self,1,1,1
n3_s00960_d0,MNAR_self,1,0,0
n3_s00960_d0,MNAR_self,1,1,1
n3_s00998_d0,MNAR_self,1,0,0
n3_s00998_d0,MNAR_self,1,1,1
n3_s01035_d0,MNAR_other,1,1,1
n3_s01035_d0,MNAR_other,1,1,1
n3_s01071_d0,MNAR_self,1,1,1
n3_s01092_d0,MNAR_self,1,0,0
n3_s01092_d0,MNAR_self,1,1,1
n3_s01106_d0,MNAR_self,1,0,0
n3_s01156_d0,MNAR_self,1,1,1
n3_s01156_d0,MNAR_self,1,1,1
n3_s01177_d0,MNAR_self,1,1,1
n3_s01207_d0,MNAR_self,1,1,1
n3_s01226_d0,MNAR_self,1,1,1
n3_s01308_d0,MNAR_self,1,1,1
n3_s01348_d0,MNAR_self,1,0,0
n3_s01348_d0,MNAR_self,1,1,1
n3_s01413_d0,MNAR_self,1,1,1
n3_s01413_d0,MNAR_self,1,1,1
n3_s01432_d0,MNAR_self,1,1,1
n3_s01447_d0,MNAR_self,1,1,1
n3_s01468_d0,MNAR_self,1,1,1
n3_s01494_d0,MNAR_self,1,0,0
n3_s01529_d0,MNAR_self,1,0,0
n3_s01549_d0,MNAR_self,1,1,1
n3_s01549_d0,MNAR_self,1,1,1
n3_s01576_d0,MNAR_other,1,1,1
n3_s01596_d0,MNAR_self,1,1,1
n3_s01596_d0,MNAR_self,1,0,0
n3_s01660_d0,MNAR_self,1,0,0
n3_s01684_d0,MNAR_self,1,1,1
n3_s01722_d0,MNAR_self,1,1,1
n3_s01848_d0,MNAR_self,1,0,0
n3_s01871_d0,MNAR_self,1,1,1
n3_s01943_d0,MNAR_self,1,0,0
n3_s01985_d0,MNAR_self,1,1,1
n3_s02042_d0,MNAR_self,1,0,0
n3_s02071_d0,MNAR_self,1,1,1
n3_s02093_d0,MNAR_self,1,1,1
n3_s02116_d0,MNAR_self,1,1,1
n3_s02258_d0,MNAR_self,1,0,0
n3_s02306_d0,MNAR_other,1,1,1
n3_s02306_d0,MNAR_other,1,1,1
n3_s02328_d0,MNAR_self,1,1,1
n3_s02328_d0,MNAR_self,1,0,0
n3_s02357_d0,MNAR_self,1,1,1
n3_s02405_d0,MNAR_self,1,1,1
n3_s02435_d0,MNAR_other,1,1,1
n3_s02508_d0,MNAR_self,1,0,0
n3_s02527_d0,MNAR_self,1,0,0
n3_s02527_d0,MNAR_self,1,0,0
n3_s02544_d0,MNAR_self,1,0,0
n3_s02563_d0,MNAR_other,1,1,1
n3_s02563_d0,MNAR_other,1,1,1
n3_s02582_d0,MNAR_self,1,1,1
n3_s02612_d0,MNAR_self,1,1,1
n3_s02630_d0,MNAR_self,1,1,1
n3_s02880_d0,MNAR_self,1,1,1
n3_s03044_d0,MNAR_self,1,0,0
n3_s03081_d0,MNAR_other,1,1,1
n3_s03104_d0,MNAR_other,1,1,1
n3_s03139_d0,MNAR_self,1,1,1
n3_s03394_d0,MNAR_self,1,1,1
n3_s03448_d0,MNAR_self,1,0,0
n3_s03542_d0,MNAR_self,1,0,0
n3_s03590_d0,MNAR_self,1,1,1
n3_s03590_d0,MNAR_self,1,1,1
n3_s03612_d0,MNAR_self,1,1,1
n3_s03644_d0,MNAR_self,1,1,1
n3_s03644_d0,MNAR_self,1,0,0
n3_s03779_d0,MNAR_self,1,1,1
n3_s03871_d0,MNAR_self,1,0,0
n3_s03871_d0,MNAR_self,1,0,0
n3_s03895_d0,MNAR_self,1,0,0
n3_s03968_d0,MNAR_other,1,1,1
n3_s04023_d0,MNAR_self,1,0,0
n3_s04036_d0,MNAR_self,1,0,0
n3_s04036_d0,MNAR_self,1,1,1
n3_s04055_d0,MNAR_self,1,0,0
n3_s04078_d0,MNAR_self,1,0,0
n3_s04078_d0,MNAR_self,1,0,0
named_mcar_reference_d2,MCAR,0,1,0
named_mcar_reference_d2,MCAR,0,1,0
named_mutual_selection_d1,MNAR_self,0,1,0
named_mutual_selection_d1,MNAR_self,0,0,0
n4_r0002_d0,MNAR_self,1,1,1
n4_r0010_d0,MNAR_self,1,1,1
n4_r0042_d0,MNAR_self,1,1,1
n4_r0058_d0,MNAR_self,1,1,1
n4_r0058_d0,MNAR_self,1,0,0
n4_r0066_d0,MNAR_self,1,1,1
n4_r0074_d0,MNAR_self,1,1,1
n4_r0082_d0,MNAR_self,1,1,1
n4_r0098_d0,MNAR_self,1,1,1
n4_r0138_d0,MNAR_self,1,0,0
n4_r0154_d0,MNAR_self,1,1,1
n4_r0178_d0,MNAR_other,1,1,1
n4_r0178_d0,MNAR_other,1,1,1
n4_r0186_d0,MNAR_self,1,1,1
n4_r0194_d0,MNAR_self,1,1,1
n3_s00373_d0,MNAR_self,1,0,0
n3_s00396_d0,MNAR_self,1,1,1
n3_s00396_d0,MNAR_self,1,1,1
n3_s00413_d0,MNAR_self,1,1,1
n3_s00449_d0,MNAR_self,1,1,1
n3_s00498_d0,MNAR_self,1,0,0
n3_s00524_d0,MNAR_self,1,1,1
n3_s00524_d0,MNAR_self,1,1,1
n3_s00546_d0,MNAR_other,1,1,1
n3_s00546_d0,MNAR_other,1,1,1
n3_s00571_d0,MNAR_self,1,1,1
n3_s00588_d0,MNAR_self,1,1,1
n3_s00623_d0,MNAR_self,1,1,1
n3_s00646_d0,MNAR_self,1,1,1
n3_s00646_d0,MNAR_self,1,1,1
n3_s00664_d0,MNAR_self,1,1,1
n3_s00673_d0,MNAR_other,1,1,1
n3_s00673_d0,MNAR_other,1,1,1
n3_s00686_d0,MNAR_self,1,1,1
n3_s00686_d0,MNAR_self,1,1,1
n3_s00705_d0,MNAR_self,1,1,1
n3_s00750_d0,MNAR_self,1,1,1
n3_s00783_d0,MNAR_self,1,1,1
n3_s00805_d0,MNAR_self,1,1,1
n3_s00835_d0,MNAR_self,1,1,1
n3_s00885_d0,MNAR_self,1,0,0
n3_s00903_d0,MNAR_self,1,1,1
n3_s00939_d0,MNAR_other,1,1,1
n3_s00961_d0,MNAR_self,1,1,1
n3_s00999_d0,MNAR_self,1,0,0
n3_s00999_d0,MNAR_self,1,1,1
n3_s01014_d0,MNAR_self,1,0,0
n3_s01038_d0,MNAR_self,1,1,1
n3_s01038_d0,MNAR_self,1,1,1
n3_s01073_d0,MNAR_self,1,1,1
n3_s01073_d0,MNAR_self,1,0,0
n3_s01093_d0,MNAR_self,1,1,1
n3_s01158_d0,MNAR_self,1,1,1
n3_s01158_d0,MNAR_self,1,1,1
n3_s01180_d0,MNAR_self,1,1,1
n3_s01209_d0,MNAR_self,1,1,1
n3_s01229_d0,MNAR_self,1,1,1
n3_s01315_d0,MNAR_other,1,1,1
n3_s01352_d0,MNAR_self,1,1,1
n3_s01393_d0,MNAR_self,1,0,0
n3_s01414_d0,MNAR_self,1,1,1
n3_s01414_d0,MNAR_self,1,1,1
n3_s01433_d0,MNAR_self,1,1,1
n3_s01452_d0,MNAR_self,1,1,1
n3_s01473_d0,MNAR_self,1,1,1
n3_s01495_d0,MNAR_self,1,0,0
n3_s01533_d0,MNAR_self,1,0,0
n3_s01554_d0,MNAR_self,1,1,1
n3_s01578_d0,MNAR_other,1,1,1
n3_s01603_d0,MNAR_self,1,1,1
n3_s01661_d0,MNAR_self,1,0,0
n3_s01685_d0,MNAR_self,1,1,1
n3_s01723_d0,MNAR_self,1,1,1
n3_s01912_d0,MNAR_self,1,0,0
n3_s01987_d0,MNAR_self,1,1,1
n3_s02004_d0,MNAR_self,1,0,0
n3_s02045_d0,MNAR_self,1,0,0
n3_s02045_d0,MNAR_self,1,0,0
n3_s02073_d0,MNAR_self,1,1,1
n3_s02073_d0,MNAR_self,1,0,0
n3_s02094_d0,MNAR_self,1,1,1
n3_s02117_d0,MNAR_self,1,1,1
n3_s02141_d0,MNAR_self,1,0,0
n3_s02172_d0,MNAR_self,1,0,0
n3_s02210_d0,MNAR_other,1,1,1
n3_s02309_d0,MNAR_self,1,1,1
n3_s02309_d0,MNAR_self,1,1,1
n3_s02333_d0,MNAR_self,1,1,1
n3_s02333_d0,MNAR_self,1,0,0
n3_s02366_d0,MNAR_self,1,1,1
n3_s02438_d0,MNAR_self,1,1,1
n3_s02528_d0,MNAR_self,1,0,0
n3_s02528_d0,MNAR_self,1,1,1
n3_s02568_d0,MNAR_other,1,1,1
n3_s02587_d0,MNAR_self,1,1,1
n3_s02614_d0,MNAR_self,1,1,1
n3_s02882_d0,MNAR_self,1,1,1
n3_s03026_d0,MNAR_self,1,0,0
n3_s03087_d0,MNAR_self,1,1,1
n3_s03108_d0,MNAR_self,1,1,1
n3_s03140_d0,MNAR_self,1,1,1
n3_s03328_d0,MNAR_other,1,1,1
n3_s03396_d0,MNAR_self,1,1,1
n3_s03449_d0,MNAR_self,1,0,0
n3_s03543_d0,MNAR_self,1,0,0
n3_s03570_d0,MNAR_self,1,0,0
n3_s03594_d0,MNAR_other,1,1,1
n3_s03614_d0,MNAR_self,1,1,1
n3_s03645_d0,MNAR_self,1,1,1
n3_s03645_d0,MNAR_self,1,0,0
n3_s03781_d0,MNAR_self,1,1,1
n3_s03832_d0,MNAR_self,1,0,0
n3_s03832_d0,MNAR_self,1,0,0
n3_s03900_d0,MNAR_self,1,0,0
n3_s03970_d0,MNAR_other,1,1,1
n3_s04026_d0,MNAR_self,1,0,0
n3_s04038_d0,MNAR_self,1,0,0
n3_s04038_d0,MNAR_self,1,1,1
n3_s04079_d0,MNAR_self,1,0,0
n3_s04079_d0,MNAR_self,1,0,0
named_mediated_mnar_d0,MNAR_self,1,0,0
named_mutual_selection_d2,MNAR_self,0,1,0
named_mutual_selection_d2,MNAR_self,0,0,0
n4_r0003_d0,MNAR_self,1,0,0
n4_r0003_d0,MNAR_self,1,1,1
n4_r0019_d0,MNAR_self,1,1,1
n4_r0051_d0,MNAR_self,1,1,1
n4_r0067_d0,MNAR_other,1,1,1
n4_r0131_d0,MNAR_self,1,1,1
n4_r0155_d0,MNAR_self,1,1,1
n4_r0163_d0,MNAR_self,1,0,0
n4_r0171_d0,MNAR_self,1,1,1
n4_r0179_d0,MNAR_self,1,1,1
